rank,isbn13,11세_대출,적합도,인기점수(50),추천도(100),제목,저자,출판사,출판년,추천연령,최다선택나이,분포,그림책,총대출
1,9788954607346,15891,0.941,50.0,97.0,책과 노니는 집 ,이영서 글 ;김동성 그림,문학동네,2009,11~12세,11,더 큰 아이 쪽으로 넓음,False,35054
2,9788949121338,12245,0.976,47.9,96.7,빨강 연필 :신수현 장편동화 ,글쓴이: 신수현 ;그린이: 김성희,비룡소,2011,10~12세,11,더 큰 아이 쪽으로 넓음,False,31402
3,9788997798131,11427,0.97,47.4,95.9,악플 전쟁 :이규희 장편동화 ,지은이: 이규희 ;그린이: 한수진,별숲,2013,11~12세,11,더 큰 아이 쪽으로 넓음,False,28458
4,9788980408337,9691,0.948,46.1,93.5,수일이와 수일이,김우경 지음;권사우 그림,우리교육,2001,11~12세,11,더 큰 아이 쪽으로 넓음,False,16412
5,9788954620260,9055,0.915,45.5,91.3,시간 가게 ,이나영 글 ;윤정주 그림,문학동네,2013,10~12세,12,더 어린 아이부터 봄,False,30689
6,9788936442804,8885,0.987,45.4,94.7,푸른 사자 와니니 :이현 장편동화 ,지은이: 이현 ;그린이: 오윤화,창비,2015,10~12세,12,더 어린 아이부터 봄,False,39329
7,9791196025809,8758,0.829,45.3,86.7,설민석의 한국사 대모험,"글: 설민석,그림: 정현희",휴먼큐브,2017,9~12세,11,더 어린 아이부터 봄,False,60137
8,9791196232160,8652,0.864,45.2,88.3,설민석의 한국사 대모험,"글: 설민석,그림: 정현희",휴먼큐브,2017,9~12세,11,더 어린 아이부터 봄,False,54761
9,9788934933700,8465,0.771,45.0,83.5,잘못 뽑은 반장 ,이은재 글 ;서영경 그림,김영사,2009,10~12세,10,더 큰 아이 쪽으로 넓음,False,40250
10,9791196025847,8465,0.842,45.0,87.1,설민석의 한국사 대모험,"글: 설민석,그림: 정현희",휴먼큐브,2017,9~12세,11,더 어린 아이부터 봄,False,56884
11,9791195794799,8461,0.787,45.0,84.3,설민석의 한국사 대모험,"글: 설민석,그림: 정현희",휴먼큐브,2017,8~11세,9,더 큰 아이 쪽으로 넓음,False,63000
12,9788971968710,8407,0.971,44.9,93.5,마당을 나온 암탉 ,황선미 지음 ;김환영 그림,사계절출판사,2000,10~12세,11,더 큰 아이 쪽으로 넓음,False,26145
13,9791196025861,8198,0.822,44.7,85.8,설민석의 한국사 대모험,"글: 설민석,그림: 정현희",휴먼큐브,2017,9~12세,9,더 큰 아이 쪽으로 넓음,False,57597
14,9788963191577,8154,0.995,44.7,94.5,수상한 학원 ,박현숙 글 ;장서영 그림,북멘토,2016,10~12세,12,더 어린 아이부터 봄,False,36923
15,9788957983317,7810,0.889,44.3,88.8,5학년 5반 아이들 ,윤숙희 지음,푸른책들,2013,11~12세,11,더 큰 아이 쪽으로 넓음,False,10088
16,9788954674638,7793,0.849,44.3,86.8,5번 레인 ,은소홀 글 ;노인경 그림,문학동네,2020,10~12세,12,더 어린 아이부터 봄,False,29620
17,9791188874262,7609,0.879,44.1,88.1,설민석의 한국사 대모험,"글: 설민석,그림: 정현희",휴먼큐브,2017,9~12세,11,더 어린 아이부터 봄,False,47296
18,9788963191010,7560,0.983,44.1,93.2,수상한 아파트 ,박현숙 글 ;장서영 그림,북멘토,2014,10~12세,12,더 어린 아이부터 봄,False,36351
19,9791188874149,7541,0.868,44.1,87.5,설민석의 한국사 대모험,"글: 설민석,그림: 정현희",휴먼큐브,2017,9~12세,11,더 어린 아이부터 봄,False,47558
20,9791188874088,7459,0.858,44.0,86.9,설민석의 한국사 대모험,"글: 설민석,그림: 정현희",휴먼큐브,2017,9~12세,11,더 어린 아이부터 봄,False,48947
21,9788937839719,7331,0.917,43.8,89.7,내일은 실험왕 :본격 대결 과학실험 만화,"글: 곰돌이 co. ,그림: 홍종현",미래엔,2011,10~12세,13,더 어린 아이부터 봄,True,41007
22,9788936442927,7291,0.985,43.8,93.1,도깨비폰을 개통하시겠습니까? :박하익 장편동화 ,지은이: 박하익 ;그린이: 손지희,창비,2018,10~12세,12,더 어린 아이부터 봄,False,30908
23,9788949197814,7246,0.98,43.7,92.7,건방이의 건방진 수련기 ,천효정 글 ;강경수 그림,비룡소,2014,10~12세,12,더 어린 아이부터 봄,False,35822
24,9788936443054,7218,0.97,43.7,92.2,푸른 사자 와니니 :이현 장편동화 ,지은이: 이현 ;그린이: 오윤화,창비,2015,10~12세,12,더 어린 아이부터 봄,False,29120
25,9788937839726,7142,0.928,43.6,90.0,내일은 실험왕 :본격 대결 과학실험 만화,"글: 곰돌이 co. ,그림: 홍종현",미래엔,2011,10~12세,13,더 어린 아이부터 봄,True,38423
26,9791188874217,7135,0.878,43.6,87.5,설민석의 한국사 대모험,"글: 설민석,그림: 정현희",휴먼큐브,2017,9~12세,11,더 어린 아이부터 봄,False,45307
27,9788954677158,7123,0.926,43.6,89.9,긴긴밤 ,루리 글·그림,문학동네,2021,10~12세,13,더 어린 아이부터 봄,False,32334
28,9788937839702,7091,0.915,43.6,89.3,내일은 실험왕 :본격 대결 과학실험 만화,"글: 곰돌이 co. ,그림: 홍종현",미래엔,2011,9~12세,13,더 어린 아이부터 봄,True,40709
29,9788937838330,7060,0.948,43.5,90.9,내일은 실험왕 :본격 대결 과학실험 만화,"글: 곰돌이 co. ,그림: 홍종현",미래엔,2011,10~12세,13,더 어린 아이부터 봄,True,36246
30,9788949121697,7051,0.892,43.5,88.1,맞아 언니 상담소 ,김혜정 글 ;김민준 그림,비룡소,2016,11~12세,12,더 어린 아이부터 봄,False,22734
31,9791188874293,7037,0.886,43.5,87.8,설민석의 한국사 대모험,"글: 설민석,그림: 정현희",휴먼큐브,2017,9~12세,11,더 어린 아이부터 봄,False,45123
32,9788972787044,6965,0.839,43.4,85.4,무기 팔지 마세요!,위기철 지음;이희재 그림,청년사,2002,11~12세,11,더 큰 아이 쪽으로 넓음,False,15208
33,9788957981924,6888,0.861,43.3,86.4,날 좀 내버려 둬 :제7회 푸른문학상 동화집 ,지은이: 양인자 외,푸른책들,2009,11~12세,11,더 큰 아이 쪽으로 넓음,False,9450
34,9788937899232,6882,0.934,43.3,90.0,내일은 발명왕 :본격 대결 과학발명 만화,글: 곰돌이 co. ;그림: 홍종현,Mirae N 아이세움,2011,9~12세,13,더 어린 아이부터 봄,True,39138
35,9788937884832,6866,0.923,43.3,89.4,내일은 실험왕 :본격 대결 과학실험 만화,"글: 곰돌이 co. ,그림: 홍종현",미래엔,2011,9~12세,13,더 어린 아이부터 봄,True,38919
36,9788937838347,6799,0.929,43.2,89.7,내일은 실험왕 :본격 대결 과학실험 만화,"글: 곰돌이 co. ,그림: 홍종현",미래엔,2011,10~12세,13,더 어린 아이부터 봄,True,36492
37,9788949195193,6796,0.954,43.2,90.9,스무고개 탐정과 마술사 ,허교범 글 ;고상미 그림,비룡소,2013,10~12세,12,더 어린 아이부터 봄,False,29616
38,9788936443177,6716,0.914,43.1,88.9,마지막 레벨 업 :윤영주 장편동화 ,지은이: 윤영주 ;그린이: 안성호,창비,2021,11~12세,12,더 어린 아이부터 봄,False,21383
39,9788936442507,6714,0.722,43.1,79.2,불량한 자전거 여행 :김남중 장편동화 ,지은이: 김남중 ;그린이: 허태준,창비,2009,11~12세,12,더 어린 아이부터 봄,False,22386
40,9788937837784,6668,0.895,43.1,87.8,윔피 키드,제프 키니 글·그림 ;신인수 옮김,미래엔,2016,10~12세,13,더 어린 아이부터 봄,False,32295
41,9788949197838,6665,0.949,43.1,90.5,건방이의 건방진 수련기,천효정 글 ;강경수 그림,비룡소,,10~12세,12,더 어린 아이부터 봄,False,30884
42,9788963192642,6664,0.988,43.1,92.5,수상한 편의점 ,박현숙 글 ;장서영 그림,북멘토,2018,10~12세,11,대칭,False,32023
43,9788949197821,6632,0.944,43.0,90.2,건방이의 건방진 수련기,천효정 글 ;강경수 그림,비룡소,,10~12세,12,더 어린 아이부터 봄,False,31937
44,9788937838323,6599,0.928,43.0,89.4,내일은 실험왕 :본격 대결 과학실험 만화,"글: 곰돌이 co. ,그림: 홍종현",미래엔,2011,9~12세,13,더 어린 아이부터 봄,True,35706
45,9788937839696,6550,0.914,42.9,88.6,내일은 실험왕 :본격 대결 과학실험 만화,"글: 곰돌이 co. ,그림: 홍종현",미래엔,2011,10~12세,13,더 어린 아이부터 봄,True,36881
46,9788963192390,6537,0.99,42.9,92.4,수상한 식당 ,글쓴이: 박현숙 ;그린이: 장서영,북멘토,2017,10~12세,12,더 어린 아이부터 봄,False,30852
47,9788937899225,6530,0.949,42.9,90.4,내일은 발명왕 :본격 대결 과학발명 만화,글: 곰돌이 co. ;그림: 홍종현,Mirae N 아이세움,2011,9~12세,13,더 어린 아이부터 봄,True,37350
48,9788949124353,6514,0.89,42.9,87.4,복제인간 윤봉구 ,임은하 글 ;정용환 그림,비룡소,2017,10~12세,12,더 어린 아이부터 봄,False,28298
49,9788937899256,6509,0.924,42.9,89.1,내일은 발명왕 :본격 대결 과학발명 만화,글: 곰돌이 co. ;그림: 홍종현,Mirae N 아이세움,2011,9~12세,13,더 어린 아이부터 봄,True,36872
50,9788937884801,6498,0.923,42.9,89.0,내일은 실험왕 :본격 대결 과학실험 만화,"글: 곰돌이 co. ,그림: 홍종현",미래엔,2011,9~12세,13,더 어린 아이부터 봄,True,37680
51,9788993900873,6495,0.859,42.9,85.8,암호클럽,글: 페니 워너 ;윤영,가람어린이,2016,10~12세,12,더 어린 아이부터 봄,False,27548
52,9788937884818,6492,0.907,42.9,88.2,내일은 실험왕 :본격 대결 과학실험 만화,"글: 곰돌이 co. ,그림: 홍종현",미래엔,2011,9~12세,13,더 어린 아이부터 봄,True,38613
53,9788937884962,6488,0.918,42.9,88.8,내일은 발명왕 :본격 대결 과학발명 만화,글: 곰돌이 co. ;그림: 홍종현,Mirae N 아이세움,2011,9~12세,13,더 어린 아이부터 봄,True,38437
54,9788963191935,6476,0.983,42.8,92.0,수상한 친구 집 ,박현숙 글 ;장서영 그림,북멘토,2016,10~12세,12,더 어린 아이부터 봄,False,31045
55,9788937889981,6466,0.927,42.8,89.2,내일은 실험왕 :본격 대결 과학실험 만화,"글: 곰돌이 co. ,그림: 홍종현",미래엔,2011,10~12세,13,더 어린 아이부터 봄,True,35715
56,9788937884078,6456,0.906,42.8,88.1,내일은 실험왕 :본격 대결 과학실험 만화,"글: 곰돌이 co. ,그림: 홍종현",미래엔,2011,9~12세,13,더 어린 아이부터 봄,True,37449
57,9788963191256,6455,0.944,42.8,90.0,수상한 우리 반 ,박현숙 글 ;장서영 그림,북멘토,2015,10~12세,12,더 어린 아이부터 봄,False,31582
58,9788937899249,6436,0.913,42.8,88.5,내일은 발명왕 :본격 대결 과학발명 만화,글: 곰돌이 co. ;그림: 홍종현,Mirae N 아이세움,2011,9~12세,13,더 어린 아이부터 봄,True,37556
59,9788937884825,6432,0.895,42.8,87.5,내일은 실험왕 :본격 대결 과학실험 만화,"글: 곰돌이 co. ,그림: 홍종현",미래엔,2011,9~12세,13,더 어린 아이부터 봄,True,37742
60,9791164134267,6413,0.634,42.8,74.5,흔한남매,원작: 흔한남매 ;그림: 유난희,미래엔,2019,8~11세,9,더 큰 아이 쪽으로 넓음,True,63787
61,9788937884085,6404,0.92,42.8,88.7,내일은 실험왕 :본격 대결 과학실험 만화,"글: 곰돌이 co. ,그림: 홍종현",미래엔,2011,9~12세,13,더 어린 아이부터 봄,True,36843
62,9788936442712,6403,0.995,42.8,92.5,기호 3번 안석뽕 :진형민 장편동화 ,지은이: 진형민 ;그린이: 한지선,창비,2013,10~12세,11,대칭,False,21892
63,9788937839689,6402,0.901,42.8,87.8,내일은 실험왕 :본격 대결 과학실험 만화,"글: 곰돌이 co. ,그림: 홍종현",미래엔,2011,9~12세,13,더 어린 아이부터 봄,True,36765
64,9791188874385,6373,0.874,42.7,86.4,설민석의 한국사 대모험,"글: 설민석,그림: 정현희",휴먼큐브,2017,9~12세,11,더 어린 아이부터 봄,False,39948
65,9788937884795,6357,0.918,42.7,88.6,내일은 실험왕 :본격 대결 과학실험 만화,"글: 곰돌이 co. ,그림: 홍종현",미래엔,2011,9~12세,13,더 어린 아이부터 봄,True,37503
66,9791164135592,6322,0.653,42.7,75.3,흔한남매,원작: 흔한남매 ;그림: 유난희,미래엔,2019,8~11세,9,더 큰 아이 쪽으로 넓음,True,60537
67,9788936442293,6317,0.916,42.6,88.4,초정리 편지:배유안 장편동화,배유안 [지음];홍선주 그림,창비,2006,11~13세,13,더 어린 아이부터 봄,False,19421
68,9788937884061,6317,0.909,42.6,88.1,내일은 실험왕 :본격 대결 과학실험 만화,"글: 곰돌이 co. ,그림: 홍종현",미래엔,2011,9~12세,13,더 어린 아이부터 봄,True,37435
69,9788934993315,6297,0.929,42.6,89.1,또 잘못 뽑은 반장 ,이은재 글 ;신민재 그림,김영사,2014,10~12세,10,더 큰 아이 쪽으로 넓음,False,26783
70,9788937884931,6297,0.909,42.6,88.1,내일은 발명왕 :본격 대결 과학발명 만화,글: 곰돌이 co. ;그림: 홍종현,Mirae N 아이세움,2011,9~12세,13,더 어린 아이부터 봄,True,37759
71,9788937837531,6296,0.931,42.6,89.2,내일은 발명왕 :본격 대결 과학발명 만화,글: 곰돌이 co. ;그림: 홍종현,Mirae N 아이세움,2011,9~12세,13,더 어린 아이부터 봄,True,35583
72,9791164134847,6294,0.656,42.6,75.4,흔한남매,원작: 흔한남매 ;그림: 유난희,미래엔,2019,8~11세,9,더 큰 아이 쪽으로 넓음,True,60477
73,9788937899218,6270,0.928,42.6,89.0,내일은 발명왕 :본격 대결 과학발명 만화,글: 곰돌이 co. ;그림: 홍종현,Mirae N 아이세움,2011,9~12세,13,더 어린 아이부터 봄,True,36569
74,9788937899010,6267,0.931,42.6,89.1,내일은 발명왕 :본격 대결 과학발명 만화,글: 곰돌이 co. ;그림: 홍종현,Mirae N 아이세움,2011,9~12세,13,더 어린 아이부터 봄,True,36576
75,9788937883316,6244,0.92,42.6,88.6,내일은 발명왕 :본격 대결 과학발명 만화,글: 곰돌이 co. ;그림: 홍종현,Mirae N 아이세움,2011,9~12세,13,더 어린 아이부터 봄,True,37832
76,9788937899027,6225,0.933,42.5,89.2,내일은 발명왕 :본격 대결 과학발명 만화,글: 곰돌이 co. ;그림: 홍종현,Mirae N 아이세움,2011,9~12세,13,더 어린 아이부터 봄,True,36310
77,9791164060948,6205,0.913,42.5,88.2,(이상한 과자 가게) 전천당,히로시마 레이코 글 ;김정화 옮김,길벗스쿨,2019,9~12세,11,더 어린 아이부터 봄,False,39350
78,9791188874460,6196,0.892,42.5,87.1,설민석의 한국사 대모험,"글: 설민석,그림: 정현희",휴먼큐브,2017,9~12세,11,더 어린 아이부터 봄,False,38436
79,9788937884993,6175,0.919,42.5,88.4,내일은 발명왕 :본격 대결 과학발명 만화,글: 곰돌이 co. ;그림: 홍종현,Mirae N 아이세움,2011,9~12세,13,더 어린 아이부터 봄,True,36594
80,9788937884054,6169,0.89,42.5,87.0,내일은 실험왕 :본격 대결 과학실험 만화,"글: 곰돌이 co. ,그림: 홍종현",미래엔,2011,9~12세,13,더 어린 아이부터 봄,True,37057
81,9788937856648,6123,0.893,42.4,87.1,내일은 실험왕 :본격 대결 과학실험 만화,"글: 곰돌이 co. ,그림: 홍종현",미래엔,2011,10~12세,13,더 어린 아이부터 봄,True,33613
82,9791162334669,6120,0.91,42.4,87.9,내일은 실험왕 :본격 대결 과학실험 만화,"글: 곰돌이 co. ,그림: 홍종현",미래엔,2011,10~12세,13,더 어린 아이부터 봄,True,32918
83,9791165382650,6117,0.907,42.4,87.7,설민석의 한국사 대모험,"글: 설민석,그림: 정현희",휴먼큐브,2017,9~12세,11,더 어린 아이부터 봄,False,37153
84,9788963192956,6113,0.973,42.4,91.1,수상한 도서관 ,박현숙 글 ;장서영 그림,북멘토,2019,10~12세,11,대칭,False,29726
85,9788949195780,6111,0.928,42.4,88.8,건방이의 건방진 수련기,천효정 글 ;강경수 그림,비룡소,,10~12세,12,더 어린 아이부터 봄,False,28686
86,9791164132454,6107,0.629,42.4,73.8,흔한남매,원작: 흔한남매 ;그림: 유난희,미래엔,2019,8~11세,9,더 큰 아이 쪽으로 넓음,True,62069
87,9788937847004,6095,0.881,42.4,86.4,윔피 키드,제프 키니 글·그림 ;신인수 옮김,미래엔,2016,10~12세,13,더 어린 아이부터 봄,False,29228
88,9788937883309,6090,0.906,42.4,87.6,내일은 발명왕 :본격 대결 과학발명 만화,글: 곰돌이 co. ;그림: 홍종현,Mirae N 아이세움,2011,9~12세,13,더 어린 아이부터 봄,True,37509
89,9788949121819,6075,0.96,42.3,90.3,바꿔! ,박상기 글 ;오영은 그림,비룡소,2018,10~12세,12,더 어린 아이부터 봄,False,27247
90,9791164060931,6059,0.885,42.3,86.6,(이상한 과자 가게) 전천당,히로시마 레이코 글 ;김정화 옮김,길벗스쿨,2019,9~12세,10,대칭,False,40249
91,9788937883323,6044,0.917,42.3,88.2,내일은 발명왕 :본격 대결 과학발명 만화,글: 곰돌이 co. ;그림: 홍종현,Mirae N 아이세움,2011,9~12세,13,더 어린 아이부터 봄,True,36726
92,9791164136261,6041,0.659,42.3,75.2,흔한남매,원작: 흔한남매 ;그림: 유난희,미래엔,2019,8~11세,9,더 큰 아이 쪽으로 넓음,True,56948
93,9791164062072,6024,0.927,42.3,88.6,(이상한 과자 가게) 전천당,히로시마 레이코 글 ;김정화 옮김,길벗스쿨,2019,9~12세,11,대칭,False,37335
94,9791164060481,6020,0.849,42.3,84.7,(이상한 과자 가게) 전천당,히로시마 레이코 글 ;김정화 옮김,길벗스쿨,2019,9~12세,9,더 큰 아이 쪽으로 넓음,False,44861
95,9788936442934,6019,0.889,42.3,86.7,담임 선생님은 AI :이경화 장편동화 ,지은이: 이경화 ;그린이: 국민지,창비,2018,10~12세,12,더 어린 아이부터 봄,False,20394
96,9791164062065,6017,0.918,42.3,88.1,(이상한 과자 가게) 전천당,히로시마 레이코 글 ;김정화 옮김,길벗스쿨,2019,9~12세,10,더 큰 아이 쪽으로 넓음,False,38033
97,9791164060498,5977,0.871,42.2,85.7,(이상한 과자 가게) 전천당,히로시마 레이코 글 ;김정화 옮김,길벗스쿨,2019,9~12세,10,대칭,False,42060
98,9788937884047,5954,0.894,42.2,86.8,내일은 실험왕 :본격 대결 과학실험 만화,"글: 곰돌이 co. ,그림: 홍종현",미래엔,2011,9~12세,13,더 어린 아이부터 봄,True,35998
99,9788937838378,5866,0.918,42.1,88.0,내일은 발명왕 :본격 대결 과학발명 만화,글: 곰돌이 co. ;그림: 홍종현,Mirae N 아이세움,2011,9~12세,13,더 어린 아이부터 봄,True,33925
100,9788936443160,5864,0.959,42.1,90.0,푸른 사자 와니니 :이현 장편동화 ,지은이: 이현 ;그린이: 오윤화,창비,2015,10~12세,12,더 어린 아이부터 봄,False,22565
